,DFS_Count,DFS_Time,BFS_Count,BFS_Time
11,3,0.0019953250885009766,3,0.0019943714141845703
