,DFS_Count,DFS_Time,BFS_Count,BFS_Time
2,1,0.000997781753540039,1,0.0009968280792236328
3,1,0.0009975433349609375,1,0.002994060516357422
4,3,0.005982160568237305,4,0.00997304916381836
5,2,0.00797891616821289,2,0.00797891616821289
