,DFS_Count,DFS_Time,BFS_Count,BFS_Time
5,1,0.0009975433349609375,1,0.0
10,5,0.006981372833251953,4,0.0079803466796875
15,10,0.06283807754516602,6,0.02795553207397461
20,30,0.35815978050231934,20,0.32517170906066895
25,17,0.1267549991607666,12,0.09839105606079102
30,12,0.10677576065063477,9,0.08879494667053223
35,61,2.926124334335327,32,2.3665995597839355
40,61,5.215903043746948,34,3.6819822788238525
