,DFS_Count,DFS_Time,BFS_Count,BFS_Time
5,2,0.010971307754516602,1,0.005983829498291016
10,2,0.013962030410766602,0,0.004987001419067383
15,20,0.6782486438751221,5,0.19127964973449707
20,29,1.9249801635742188,4,0.23111224174499512
25,40,4.123456239700317,4,0.3042638301849365
30,51,9.418823480606079,5,0.5894734859466553
35,43,8.504591464996338,0,0.10272622108459473
40,41,10.547918319702148,4,0.4036293029785156
