,DFS_Count,DFS_Time,BFS_Count,BFS_Time
2,1,0.0,1,0.0009975433349609375
3,1,0.0,1,0.0009968280792236328
4,1,0.0009970664978027344,1,0.0009989738464355469
