,DFS_Count,DFS_Time,BFS_Count,BFS_Time
5,1,0.0009975433349609375,1,0.0
10,0,0.0009970664978027344,0,0.0010266304016113281
15,11,0.07177329063415527,8,0.04488015174865723
20,26,0.26329660415649414,16,0.23141193389892578
25,31,0.5658912658691406,17,0.38596320152282715
30,44,1.3158798217773438,24,0.9445316791534424
35,31,0.7022013664245605,15,0.5063915252685547
40,53,3.0916173458099365,29,2.843628406524658
