,DFS_Count,DFS_Time,BFS_Count,BFS_Time
5,2,0.0009963512420654297,2,0.002002716064453125
10,17,0.04783320426940918,10,0.02296757698059082
15,15,0.04986572265625,7,0.029919862747192383
20,2,0.005014181137084961,2,0.0059833526611328125
25,30,0.491757869720459,12,0.26984167098999023
30,29,0.4408876895904541,19,0.40759754180908203
