,DFS_Count,DFS_Time,BFS_Count,BFS_Time
5,1,0.000997304916381836,1,0.0009970664978027344
10,1,0.0009975433349609375,1,0.000997304916381836
15,9,0.04887032508850098,7,0.024932146072387695
20,21,0.18849897384643555,11,0.15182757377624512
25,29,0.5308525562286377,17,0.41643357276916504
30,61,2.1365091800689697,31,1.6938560009002686
35,31,0.8039860725402832,19,0.7369470596313477
40,44,1.9892024993896484,28,2.24466609954834
