,DFS_Count,DFS_Time,BFS_Count,BFS_Time
5,1,0.0019943714141845703,1,0.0009968280792236328
10,5,0.03996086120605469,3,0.028922557830810547
