,DFS_Count,DFS_Time,BFS_Count,BFS_Time
5,3,0.008976936340332031,3,0.00897526741027832
10,0,0.0019943714141845703,0,0.001994609832763672
15,0,0.006981372833251953,0,0.002992391586303711
20,3,0.08976054191589355,3,0.08093714714050293
