,DFS_Count,DFS_Time,BFS_Count,BFS_Time
12,14,0.03938436508178711,14,0.05096626281738281
