,DFS_Count,DFS_Time,BFS_Count,BFS_Time
5,2,0.002022266387939453,2,0.00096893310546875
10,3,0.0029921531677246094,3,0.0040166378021240234
15,0,0.0019948482513427734,0,0.0019669532775878906
20,8,0.04952096939086914,8,0.028914451599121094
25,13,0.25637078285217285,8,0.2123408317565918
30,3,0.022286176681518555,3,0.02293682098388672
