,DFS_Count,DFS_Time,BFS_Count,BFS_Time
18,11,8.423546553,6,72.64197016
19,24,2.514212847,10,0.098742247
20,23,2.917335033,15,0.323850632
