,DFS_Count,DFS_Time,BFS_Count,BFS_Time
5,1,0.0029916763305664062,1,0.001994609832763672
10,4,0.06383037567138672,1,0.015956640243530273
15,23,0.5485868453979492,1,0.0479435920715332
20,0,0.008975744247436523,0,0.004987239837646484
25,25,1.6450262069702148,4,0.24841022491455078
30,11,0.7614409923553467,2,0.16156768798828125
