,DFS_Count,DFS_Time,BFS_Count,BFS_Time
2,1,0.0009980201721191406,1,0.0
3,2,0.0009970664978027344,2,0.0009970664978027344
4,2,0.000997304916381836,2,0.0019953250885009766
5,3,0.001994609832763672,3,0.0029916763305664062
6,2,0.00401759147644043,2,0.003989458084106445
7,2,0.001995086669921875,2,0.0019941329956054688
8,7,0.012937068939208984,7,0.012965917587280273
9,2,0.013962984085083008,2,0.014425277709960938
