,DFS_Count,DFS_Time,BFS_Count,BFS_Time
5,0,0.0020639896392822266,0,0.001995086669921875
10,17,0.1371309757232666,13,0.15033364295959473
15,18,0.3354806900024414,8,0.1830732822418213
20,11,0.2373647689819336,9,0.24221348762512207
25,32,1.2355082035064697,17,0.8778712749481201
30,43,3.3700523376464844,26,2.7010300159454346
